iter,N,h,result,error
1,8,0.125,1.7182818422184405,
2,16,0.0625,1.7182818286753585,2.1496955538409456e-10
