Iter,N,h,Result,Error
1,104,0.11389423076923078,4.708408767089605,0.0004019599063655714
