N,h,integral_value,sample_points_count
10,0.4,2.2163350663129973,11
20,0.2,2.2145375066313,21
40,0.1,2.214303713527851,41
80,0.05,2.2143037135278516,81
